"NO","TITLE","AUTHOR","PUBLISHER","STOCK"
"230007","웜스9999","웜9","베럴",3
"230009","우리가 빛의 속도로 갈 수 없다는 사실을 미처 알","김두","윰",3
"230011","아마도","그런","일은",3
"230012","우리가 빛의 속도로 갈 수 있나?","김초연","밤",3
"230013","우리가 빛의 속도로 갈 수 있나요?","김초엽","세상",3
"230014","우리가 빛의 속도로 갈 수도 있을까?","김초엽","3",2
"230015","우리가 빛의 속도로 갈 수도 있지?","김초","엄",3
"230002","우리의 바다","김초엽","문학세상",3
"230003","우리가 빛의 속도로 갈 수 없다면","김초엽","판타미러",2
"230016","우리가 빛의 속도로 갈 수도 있겠찌","아마도","그럼",3
"230001","aaa","aaa","a",3
"230006","우리가 빛의 속도로 갈 수 없다는 사실을 미처","김초","문과",3
"230010","우리가 빛의 속도로 갈 수 있다는 사실도","여은","강과바다",3
"230017","바람과 물의 바다","자연","자연세상",3
